"","ID","Y"
"1",1005,13678100475.8211
"2",1021,8436262682.62389
"3",137,12931004269.1018
"4",634,15963348575.6245
"5",1213,13918982293.8989
"6",76,15776133326.5913
"7",1169,13852039044.8414
"8",135,14800305507.1171
"9",1699,12382152262.9214
"10",124,15220488519.5401
"11",1256,14994506472.2299
"12",999,17558634394.6104
"13",231,11992035780.0591
"14",381,10519700549.0533
"15",1264,11613869980.0337
"16",40,15007322874.3441
"17",1225,NA
"18",242,9292156795.92308
"19",870,13335072532.5281
"20",1118,12195038912.5766
"21",81,15113772933.0333
"22",1259,12055057137.9547
"23",1406,12999719225.2564
"24",875,8876168584.89879
"25",106,28238344633.8427
"26",1373,11409695475.5754
"27",112,14677286087.1239
"28",196,21091033815.4771
"29",1623,10958182074.5221
"30",1615,15211764815.9771
"31",1564,12552407835.233
"32",947,14954137518.1904
"33",1415,16560043749.1458
"34",154,16718684653.6495
"35",755,22793264611.7834
"36",724,12481257701.271
"37",695,11996535689.2511
"38",266,13069023689.0815
"39",712,11849303863.0279
"40",662,14064816673.3353
"41",1410,23668908695.2012
"42",844,18724245647.9766
"43",1809,17248084165.6789
"44",1204,12562888347.6107
"45",1173,14419663277.5984
"46",63,16399956541.896
"47",1336,12208890838.0301
"48",919,11361936867.274
"49",291,12263065545.1217
"50",939,12802045058.5161
"51",1584,10647331433.5619
"52",1255,7882359737.58412
"53",639,27462473075.1643
"54",299,11568316933.0858
"55",1135,13638572585.2216
"56",184,19987439220.9165
"57",1388,12074614767.11
"58",895,19548997051.4614
"59",728,NA
"60",1120,9566674533.51487
"61",1176,17808396455.7209
"62",1370,15501249424.4265
"63",1467,17080896907.9286
"64",1278,14590915613.7327
"65",668,14746537191.1471
"66",716,22706330288.202
"67",1711,29281676632.1656
"68",1126,14685178164.871
"69",383,16421974338.3154
"70",1345,17575786541.6624
"71",247,16592987393.0046
"72",1308,17379253355.7863
"73",1122,13714270550.2313
"74",1539,14633850840.4027
"75",1297,13131680510.9959
"76",443,12477925876.2283
"77",623,11072973236.2571
"78",865,15950308037.0499
"79",1179,20741051964.6138
"80",34,22768391650.3409
"81",311,16798244786.9536
"82",982,14307376945.553
"83",1445,11674157336.2242
"84",1266,15049575528.7035
"85",1767,16668472646.4591
"86",1114,16077200849.03
"87",290,14355685353.9183
"88",510,12016223313.4522
"89",1675,16499443890.3285
"90",682,14358080305.0406
"91",965,13854246828.7688
"92",1031,14972432110.6227
"93",12,12489820364.4381
"94",842,14385554998.5543
"95",1685,9331713948.9896
"96",1673,22138278696.3154
"97",604,20057702384.0278
"98",888,16394237087.2459
"99",776,9079721563.68676
"100",293,11478383922.5209
"101",430,8051699237.83964
"102",438,14582674308.315
"103",24,11162427680.4996
"104",205,15779239856.747
"105",8,14728809460.8237
"106",821,14089916757.1182
"107",976,13953424413.3167
"108",1055,14638522113.1276
"109",1744,14990972276.4879
"110",202,13118042522.8555
"111",1257,12953822006.8663
"112",1371,18610954179.7086
"113",1788,13261904637.1495
"114",113,28880742958.6819
"115",210,9462723412.97725
"116",918,19616303667.4476
"117",1303,12595473626.1161
"118",201,11798917307.2725
"119",866,14572075557.04
"120",692,15882827186.9434
"121",395,17459723098.2415
"122",107,15747244958.5917
"123",526,11245123751.8943
"124",1076,14747426579.8796
"125",577,14831158051.7797
"126",1178,15220079886.5562
"127",75,16136008096.1483
"128",451,10876744514.605
"129",1145,17261582201.0876
"130",4,13690203940.4892
"131",786,13575376590.6313
"132",876,13975030769.9457
"133",241,13064136134.9619
"134",483,15280578776.4653
"135",309,19500262559.4533
"136",1530,NA
"137",572,18174408857.744
"138",1624,16925836891.8628
"139",69,15667120868.3123
"140",1101,16072784502.1985
"141",936,10562668771.2055
"142",1645,15977311191.66
"143",993,22868686591.9825
"144",1284,14610285962.2472
"145",1189,13068113803.1421
"146",1640,21367522364.3261
"147",1810,18498767780.541
"148",348,16955993304.6166
"149",1689,13607663368.4409
"150",267,16567055848.5491
"151",1045,11080881858.1492
"152",155,9207850356.42418
"153",757,7195356168.50919
"154",782,16926814525.1656
"155",1512,23617126181.5387
"156",923,10536135773.5149
"157",1153,13605900534.1845
"158",282,14863130415.5443
"159",1300,16686772959.9473
"160",190,16186016854.2977
"161",733,11918358737.8148
"162",1684,14969587977.7083
"163",1783,11838039622.1479
"164",1155,12859703561.3188
"165",99,15762513728.3659
"166",1565,16090639846.407
"167",385,13600724542.9827
"168",753,11975039022.4909
"169",197,11317370992.6671
"170",181,8062940703.52963
"171",1385,15610162940.8611
"172",1587,26596225214.0372
"173",387,15758979879.8339
"174",1111,11311705259.8399
"175",1540,13829057022.6329
"176",1470,16494439123.9931
"177",901,16052506929.0552
"178",1365,13650337822.1999
"179",17,18416604776.3218
"180",1526,15088609471.2427
"181",847,20171727736.095
"182",1231,11366124739.7168
"183",1148,16931182103.9508
"184",1016,18937645298.8812
"185",1687,11534873790.7129
"186",730,15780965718.5789
"187",1716,12975036435.3761
"188",1442,10621182686.6806
"189",1424,15737295112.505
"190",539,13272724232.3214
"191",1766,12198261395.2683
"192",1463,14623180308.6793
"193",832,19869888843.6348
"194",819,17052928383.6166
"195",70,11958736616.8701
"196",1577,14685289178.8509
"197",554,13799128543.6605
"198",1331,15600163919.7957
"199",1686,13202778496.7528
"200",334,11682368476.4045
"201",731,16055580526.7327
"202",1103,14836971721.0321
"203",1582,12612295355.8437
"204",1793,16213427054.3925
"205",1720,15904178075.5085
"206",1785,15662094586.2002
"207",307,17302043120.6664
"208",1001,14546665759.2946
"209",351,13902965498.2927
"210",1182,24075038975.6742
"211",444,13744130540.3554
"212",1482,24194534770.1058
"213",9,16311441108.1262
"214",626,13578672262.3841
"215",1588,14283266824.8113
"216",838,14787295960.081
"217",193,12615255119.0564
"218",950,12068303122.0776
"219",1471,15731004276.9037
"220",461,11643587064.9724
"221",58,12245481037.9916
"222",678,14648120647.6268
"223",474,11795656717.4767
"224",1691,21357748944.3287
"225",142,17368929761.7605
"226",211,11424243813.9658
"227",1487,NA
"228",1246,18542611857.3547
"229",850,NA
"230",563,8543730055.27202
"231",535,9218781618.53764
"232",1348,13237758353.9696
"233",1585,17745645186.8286
"234",1596,15709645081.1328
"235",1165,20084499386.8998
"236",335,NA
"237",1520,14409988486.8293
"238",1661,12833738262.433
"239",1781,13536783351.6489
"240",998,12718424238.8749
"241",456,9805588848.95477
"242",1171,15250349285.0744
"243",837,17599532870.2673
"244",825,16717688290.4824
"245",574,12272573475.2133
"246",417,11654227301.4341
"247",1400,21121254509.6268
"248",890,13125016886.3952
"249",680,15739287598.4538
"250",506,20903446782.3387
"251",565,10026471172.1402
"252",139,11876885576.3586
"253",439,20471733516.8748
"254",1402,17029719550.6189
"255",1011,10082641385.2792
"256",788,14115750406.3348
"257",964,28330832006.5073
"258",1559,12977418630.6022
"259",271,10975359903.7168
"260",421,17357746474.7555
"261",1556,16291624864.3539
"262",1732,16805843784.0469
"263",1305,12838893257.4399
"264",585,13203652552.4687
"265",122,13662869575.5481
"266",1329,17024934903.9279
"267",1289,14382689649.5949
"268",123,11763922618.1474
"269",1830,19655626496.8553
"270",622,13445441536.118
"271",783,NA
"272",496,13700744540.5854
"273",625,15359674003.9411
"274",1729,16778842391.2941
"275",1775,11165581210.8504
"276",1292,6105215379.30354
"277",1825,12412520983.3972
"278",254,10982839931.9202
"279",804,8581810201.49452
"280",1637,12629155797.4275
"281",143,8802067912.05636
"282",1394,14958645068.7965
"283",1791,13778015835.0667
"284",1426,14697227519.138
"285",1381,16225789681.9861
"286",126,13733464571.3517
"287",1041,15243388200.9751
"288",1325,18005907831.8729
"289",226,13756088223.1979
"290",1669,13603578565.9448
"291",1801,16464076976.1352
"292",1427,16782098246.8787
"293",851,13560172252.5149
"294",21,24870856736.7513
"295",412,9656986959.21865
"296",1776,11951506358.4032
"297",807,16874719605.0469
"298",485,18592992173.0446
"299",115,12403080227.2871
"300",596,19659289081.3558
"301",294,11833162131.5365
"302",1023,16596678039.9056
"303",1320,22228314860.8469
"304",880,11929330119.7611
"305",185,10618893616.6671
"306",498,NA
"307",1491,13179779854.9266
"308",1725,14132954561.5597
"309",1461,11207766025.6483
"310",603,27597403485.4702
"311",248,26311329472.244
"312",1090,12020086549.3863
"313",896,16647027058.6573
"314",537,8280732071.43257
"315",178,17966518540.6246
"316",1814,18523646689.1822
"317",1789,15122792663.9537
"318",330,11809482782.2358
"319",105,18273776280.9431
"320",494,17806063469.2974
"321",1306,12133081624.614
"322",1456,12764032407.0081
"323",1206,10764318934.3002
"324",1533,12118515493.9244
"325",1367,11784131741.1657
"326",353,11459673765.2218
"327",687,13204768995.9272
"328",1364,14586354809.6816
"329",46,13886295673.5824
"330",1421,15969206585.8708
"331",1163,13718967284.7522
"332",1547,15658299901.2891
"333",1391,14677862407.4988
"334",1291,12357943112.7651
"335",1359,24611715705.4165
"336",569,15676329699.1154
"337",1378,14918766998.2365
"338",1214,19504220339.0264
"339",693,17314736095.0503
"340",1706,13577207797.0401
"341",1639,10377758039.0545
"342",1626,9832097414.45569
"343",460,23439441156.1266
"344",938,12959181004.5411
"345",617,15223944176.1799
"346",1033,20705009212.2343
"347",48,15050342364.0694
"348",249,10782851199.8904
"349",401,24606711337.729
"350",1339,13177611917.5766
"351",1742,15281935661.9902
"352",789,16039617464.6649
"353",1444,16951761508.0573
"354",1504,13780208533.7248
"355",1239,17706855911.999
"356",1659,24291156852.2562
"357",315,8948453485.98308
"358",977,15832972933.3052
"359",567,16952658768.8499
"360",473,10801960202.8394
"361",1817,19016274198.4497
"362",1611,16641094980.7117
"363",467,13861286523.3092
"364",1475,15172437228.2765
"365",449,16394386812.9089
"366",52,14820930591.5083
"367",1573,13113593942.8192
"368",398,9608216245.65419
"369",1047,14987171253.3074
"370",547,14386117230.552
"371",801,16979762221.7768
"372",116,19318468022.3251
"373",223,13017215002.3349
"374",1772,22387763463.6911
"375",1454,25209767059.1704
"376",145,12946801620.6133
"377",1030,20918352889.9745
"378",198,21860641966.3924
"379",1368,14920529727.3592
"380",136,17368840691.452
"381",1724,21386179122.2683
"382",1680,12902861146.7225
"383",1056,20403155420.3619
"384",882,8311561469.43897
"385",19,14112504016.2322
"386",20,16096862834.0089
"387",1701,20530177399.4048
"388",32,14272862813.1406
"389",1287,15899089981.9044
"390",796,13677699324.4527
"391",1698,14492868837.1407
"392",1027,9601062280.53409
"393",102,20226717801.3236
"394",240,NA
"395",1386,13333593745.9784
"396",872,15933548487.7614
"397",1235,15648711161.0237
"398",1749,8069199483.39645
"399",1049,15372293505.9314
"400",208,14503365106.1611
"401",1202,24425982559.1343
"402",1205,14576192920.9844
"403",408,17381492115.9756
"404",230,13566779144.3962
"405",1472,13519909017.1018
"406",1586,12177644271.9863
"407",1488,27399628648.6727
"408",809,NA
"409",792,21565809246.4325
"410",1708,17725550618.0626
"411",306,11665272456.5995
"412",959,17869085939.3689
"413",1244,20452426013.4482
"414",1770,11256472172.4125
"415",1407,13798962116.9937
"416",957,18059720194.7126
"417",148,16741867553.6906
"418",1816,15619399458.0107
"419",1782,8511643792.39231
"420",533,15636436063.3676
"421",966,12001145156.2024
"422",276,12277593555.8401
"423",1676,15929852524.4384
"424",1670,17770055161.5677
"425",1251,16218469462.3036
"426",1150,11724815123.8569
"427",1121,9385712199.49975
"428",648,18216696485.8763
"429",1396,13039227412.6902
"430",170,9895512503.77881
"431",926,17024438008.1483
"432",1515,12733452909.9918
"433",1327,13282500452.722
"434",614,21646290509.5935
"435",524,23737643981.3035
"436",803,14832591907.2378
"437",1516,15628817533.0203
"438",1522,12095840434.9086
"439",920,16746116753.1809
"440",913,12747429392.0402
"441",1072,11630144167.2639
"442",715,15214904332.8291
"443",1168,15796748856.8827
"444",1069,13964113541.2428
"445",217,20420022462.4816
"446",1537,18939177784.3735
"447",355,9857824470.58598
"448",57,18234056706.2779
"449",133,10304743222.6165
"450",432,10634374428.8478
"451",1015,12540969682.1071
"452",162,25967580373.2353
"453",1635,11946142090.3017
"454",72,15217002002.1971
"455",1080,11568471786.0928
"456",1544,15131790965.0218
"457",259,11625843078.9979
"458",1222,12617705148.343
"459",1443,11810385492.9015
"460",1012,13415447609.7214
"461",1177,11116497286.9466
"462",1846,18835851062.4737
"463",1649,14900531878.0018
"464",1567,12655053114.1903
"465",39,20997368482.152
"466",1026,8210784588.2896
"467",279,16602023181.6855
"468",892,13611324151.8844
"469",581,16956018581.225
"470",1290,13379765605.6274
"471",366,17239521992.6436
"472",1829,NA
"473",295,12346329758.581
"474",960,15321150945.7323
"475",1310,15561353691.9994
"476",263,13826397330.4274
"477",296,11060977032.2057
"478",835,14553262231.6243
"479",1227,16266310001.7973
"480",1038,15633474048.5667
"481",1839,12228840027.4833
"482",525,23397058492.5241
"483",1579,13905209578.7663
"484",573,8881618517.78945
"485",1726,14992976934.7923
"486",192,11789359660.2945
"487",1429,18558631923.112
"488",1318,22829167501.7029
"489",650,13098842877.2706
"490",1357,13212797456.2456
"491",132,13608199376.6436
"492",1133,11205255737.8151
"493",153,11267252176.8262
"494",1473,12752712021.0268
"495",1115,13774572113.6641
"496",1008,12296096785.0337
"497",1322,10806893578.3213
"498",1589,16606712636.9815
"499",325,10186102690.1497
"500",717,18029026393.3977
"501",738,11513381799.5995
"502",37,17677885102.5186
"503",1265,16814154235.5289
"504",1765,16354762304.4849
"505",1558,11994381630.5718
"506",453,NA
"507",50,15388754648.8084
"508",322,13931626558.0836
"509",598,14626430697.6291
"510",414,23908792372.5102
"511",822,13499623910.2933
"512",1799,20901254283.5485
"513",637,8542641768.14269
"514",608,12052304040.6706
"515",1653,10324546904.8476
"516",1152,22956783023.3393
"517",1022,13224650637.0007
"518",1067,15973393969.606
"519",1036,12296630574.5008
"520",43,21815996597.577
"521",1020,13065298234.6059
"522",502,22294187989.9565
"523",853,14959468336.834
"524",1419,11972856004.6294
"525",1603,15080631783.4536
"526",1806,16104635273.1818
"527",1500,13111659595.5832
"528",60,13655631465.9076
"529",1644,11680103903.3157
"530",1763,7305527195.94382
"531",1397,9507583538.50499
"532",1167,17652846458.4254
"533",1838,14969739605.1581
"534",1465,12216313859.5153
"535",714,13744689259.2351
"536",1379,16112134947.0146
"537",863,11805282785.7557
"538",972,23822187342.1332
"539",887,16499112127.6492
"540",396,10392182606.0289
"541",301,18074441578.302
"542",1175,11886205827.0365
"543",318,15309423889.1905
"544",590,16748931861.3144
"545",188,11070989514.9464
"546",1438,15436644428.7705
"547",1447,16232744140.1268
"548",946,20237813185.5181
"549",528,10419023718.0771
"550",269,17596805340.1564
"551",280,13872100023.0104
"552",1517,9873044678.35254
"553",949,10435746068.1286
"554",239,15728299376.18
"555",1144,15004066618.123
"556",463,28317139689.2743
"557",1084,11607250584.5086
"558",1674,13835311368.4639
"559",77,22031751569.5126
"560",752,15796999963.5719
"561",1831,11340630441.4492
"562",308,17815707293.4952
"563",42,15128914233.8497
"564",1521,18286089557.7467
"565",1464,22108800872.2389
"566",86,11254477108.4139
"567",988,12403625073.8827
"568",767,25568938801.5858
"569",1823,14196923654.4036
"570",1798,13411084482.303
"571",500,11497164856.2023
"572",1276,15080726977.5167
"573",1486,16901277541.2669
"574",487,12186024215.7157
"575",934,18877910804.7563
"576",1542,11478551070.9322
"577",47,13016105689.4739
"578",519,15670653622.895
"579",1714,13599653654.92
"580",1304,14923147286.5358
"581",975,13850530654.1412
"582",1116,15574641759.906
"583",316,12625441584.687
"584",1638,15130268118.5567
"585",606,11707279663.4861
"586",1531,18255929329.734
"587",953,12605209430.4812
"588",1108,16760620087.7554
"589",1632,14173904075.2838
"590",1723,13735138216.8302
"591",1267,14733887945.1432
"592",1786,14787010720.0647
"593",1207,18258518720.5815
"594",1727,15358940337.1565
"595",413,16462681599.6907
"596",833,11454087387.8494
"597",778,21036911476.8321
"598",780,15716718519.1175
"599",144,12621025411.8483
"600",1545,12524119539.2076
"601",1709,24750022672.042
"602",696,12318958628.1172
"603",1154,11665362211.446
"604",1086,13827442190.8749
"605",1840,12972920020.1338
"606",861,11478611747.9966
"607",1112,13661476835.5167
"608",1052,12374790153.9635
"609",176,13253671510.365
"610",66,7643069878.58205
"611",1761,12620883105.2735
"612",1107,12480927343.4736
"613",390,19755689812.1265
"614",1097,17144033545.1935
"615",41,23235432704.5001
"616",1666,14578891427.7322
"617",877,11009410960.7428
"618",1764,14232585377.2075
"619",985,17421981835.0236
"620",159,19833596347.3847
"621",1263,15222392495.6792
"622",418,12915397774.4829
"623",1074,14036739049.1762
"624",644,11138558657.7957
"625",465,NA
"626",1448,24732065882.5633
"627",951,16953561534.0634
"628",1778,25091708452.3911
"629",653,14855546536.1698
"630",1758,15447040474.369
"631",610,15529302615.9529
"632",543,15710064604.6735
"633",595,13049513695.8685
"634",517,11106689068.7549
"635",628,14574751690.5046
"636",544,12115639053.184
"637",1240,17528824389.7163
"638",352,14859275255.1666
"639",79,15168758883.2454
"640",760,15978890146.0204
"641",399,15652418182.9525
"642",907,15414352512.6
"643",1037,11441479004.0022
"644",884,12165355960.4461
"645",1191,14544353988.3159
"646",996,16845938633.7214
"647",442,16324194110.22
"648",264,10215683001.0418
"649",1702,18092856741.308
"650",1053,10411001436.81
"651",1600,11352142595.0174
"652",771,11841786291.591
"653",450,12375538215.3237
"654",1822,10400647747.8337
"655",994,15991317594.8157
"656",469,13210727036.2333
"657",1057,13709422221.5353
"658",848,14234292026.7453
"659",1422,23755397332.3131
"660",110,16630090493.0435
"661",1591,10428678738.0552
"662",1124,15057572776.2904
"663",1119,9801266960.54694
"664",1078,15426583176.4388
"665",1416,14736050728.6145
"666",152,12729988028.6138
"667",593,11397370827.5117
"668",694,15772903083.1301
"669",674,13929916669.5771
"670",1319,13934886328.758
"671",613,20093473254.7036
"672",1771,11436211239.9465
"673",278,9774620779.68719
"674",109,16561152670.5967
"675",435,16203968094.8395
"676",1350,12774454047.1967
"677",745,14566627181.8516
"678",514,17067107317.5106
"679",824,14139520084.933
"680",173,18269122968.908
"681",631,11228589415.4144
"682",656,11638719292.9188
"683",956,12608266646.8531
"684",1518,23265324579.1383
"685",748,17230441804.4735
"686",1009,13453475226.0827
"687",117,10206432825.748
"688",1384,18243941359.5673
"689",701,16720610877.0922
"690",1439,13120362271.2202
"691",11,14303426165.2315
"692",379,14990801711.3196
"693",820,15424153808.3672
"694",1003,11659972594.3997
"695",245,17531606632.4156
"696",1317,14287786396.3444
"697",1583,13635958641.1932
"698",1502,11224815072.9452
"699",1002,11978920243.1535
"700",1390,18621819815.8311
"701",255,10622683034.2238
"702",1337,15107341101.7295
"703",902,15298389930.7701
"704",1642,10136401023.9657
"705",1068,13226986545.1896
"706",516,12835389556.7035
"707",1803,12722113169.7375
"708",281,11838407972.4688
"709",897,18844056935.3984
"710",1106,14555140490.7121
"711",663,14460999911.936
"712",1609,8133239863.50314
"713",409,14087745194.0875
"714",1017,11367092215.7234
"715",129,14097419041.0939
"716",1610,19135042757.0569
"717",1363,15298650531.0463
"718",815,15832526878.7161
"719",806,16804917568.3246
"720",612,16494338272.2054
"721",392,8403282315.68591
"722",121,16136146470.1207
"723",229,NA
"724",942,12928146175.2912
"725",1494,10340831365.954
"726",71,12572727486.9049
"727",1745,20926282237.8424
"728",1536,16080157396.8535
"729",151,12635693122.2689
"730",1833,18532160435.4508
"731",1827,22533638002.2604
"732",175,13419543761.9375
"733",194,11836886697.9343
"734",375,12125989900.6535
"735",30,8550426689.98384
"736",1731,11059828954.627
"737",1748,16145157178.0401
"738",927,15622034733.9099
"739",1460,14255581396.689
"740",1342,11578503044.2481
"741",365,19188432468.0684
"742",1335,14465089265.3183
"743",561,12282920564.4713
"744",1496,15407026932.086
"745",441,12657612871.2372
"746",1466,22694860919.1194
"747",1480,16446666152.5677
"748",1282,13941969581.4408
"749",1552,10733965474.3175
"750",829,22200778347.6494
"751",1818,18637856820.284
"752",103,12488551979.7472
"753",1311,16125823490.6838
"754",1102,12248681585.869
"755",1326,14437742710.7033
"756",747,12840473397.8865
"757",945,11163255382.86
"758",891,12857775596.7763
"759",501,23032994265.787
"760",1667,18163208619.4258
"761",1489,14618797869.4313
"762",1355,13090509750.3711
"763",586,11058255957.7011
"764",1808,9985702802.21133
"765",1197,16598030037.1656
"766",1566,18710614507.2003
"767",643,22853636994.7613
"768",1693,14758226327.9365
"769",1633,10835250542.3864
"770",216,13049067344.5011
"771",904,12229470620.3431
"772",1159,22035212300.8686
"773",237,15377269947.4308
"774",551,16588377141.3702
"775",1688,19108336701.7366
"776",1578,8786258696.84661
"777",363,9595060710.04296
"778",56,21131515452.565
"779",1652,8992625975.19847
"780",602,11680374656.2523
"781",292,14464112140.9603
"782",1718,19014600457.3722
"783",244,25875946859.9021
"784",1193,10100483774.9818
"785",1607,15031365267.7619
"786",1043,12484627238.4572
"787",445,11407165004.8404
"788",246,15348213515.5899
"789",427,23068143084.8952
"790",814,15392261563.3604
"791",1677,14653452167.0732
"792",422,20262332413.5921
"793",1663,11931092015.1107
"794",1844,12602621018.4565
"795",1417,13601411129.7311
"796",1098,14579034645.3487
"797",1,14452233897.1095
"798",1563,11356375652.7629
"799",1510,8305982589.00555
"800",1821,13128118178.7402
"801",1166,14278025863.6614
"802",1605,14086774869.6964
"803",1616,19899063031.4193
"804",283,14346488237.1663
"805",360,20160915111.9718
"806",720,14884408207.5027
"807",1433,15682223853.5015
"808",1627,14482864535.7277
"809",493,11727678243.4044
"810",1054,24068691976.5522
"811",818,13417757276.193
"812",550,17570960392.9934
"813",1628,14218751922.8649
"814",270,14395758930.4617
"815",1795,14035131916.3678
"816",1392,12439867540.1061
"817",302,14500029573.4423
"818",256,14939313570.5436
"819",368,12159135173.1744
"820",1109,18187997034.5122
"821",540,14797938065.9686
"822",1254,15560785073.2868
"823",1219,13800310778.9529
"824",164,15907805712.3658
"825",1236,10821384118.4839
"826",251,13913868504.6164
"827",763,26003939110.3894
"828",7,11902676737.4677
"829",1018,17035618637.8921
"830",864,16114792009.149
"831",836,15344805867.885
"832",532,17511620968.1897
"833",899,15655084573.235
"834",285,11407113228.0923
"835",172,10690437358.6346
"836",45,24141266623.167
"837",749,14895359189.391
"838",1543,13034956328.627
"839",1249,15352599918.2167
"840",805,13229207536.5858
"841",297,12982506219.3925
"842",1513,22253860581.7683
"843",410,13963925022.0752
"844",1105,12985036945.5258
"845",1435,13310480040.5407
"846",1309,11299515697.3408
"847",580,26440359315.2375
"848",1184,8623324041.3999
"849",522,10657242061.0403
"850",1769,NA
"851",515,16648642641.402
"852",22,13982414731.067
"853",1194,14471414083.3185
"854",195,16463787004.0222
"855",1328,17187885464.9471
"856",1079,14169467143.3757
"857",459,13852242187.5559
"858",600,15791889428.9325
"859",709,10205611316.9008
"860",862,12483725802.4571
"861",1562,14413562550.651
"862",1258,8293946170.21099
"863",1271,26458709494.7929
"864",458,13317992387.1759
"865",967,11884697159.2225
"866",924,18572153594.2458
"867",488,19511022564.2176
"868",25,14265984431.0373
"869",391,13502007128.4933
"870",13,15472034920.8732
"871",1636,12427885133.2922
"872",1717,14262909087.2609
"873",329,10649625952.2387
"874",1679,17933385384.9674
"875",1755,20070008058.8594
"876",1802,10775853089.8142
"877",1218,16777634246.2249
"878",645,18041992428.2762
"879",841,21912456353.7854
"880",559,12379803533.5199
"881",1196,14139931943.2457
"882",341,12886883075.2323
"883",1581,12485735445.7066
"884",1058,7990881910.96778
"885",394,12652719888.9442
"886",476,12806611122.8149
"887",120,16738437111.0645
"888",1598,13262194947.426
"889",425,11724378326.5626
"890",512,26920795956.5955
"891",183,23858802981.2171
"892",507,13739382542.5943
"893",995,9288512583.12721
"894",1483,11920825820.5343
"895",314,14665263408.3296
"896",917,13949223832.384
"897",167,11514102427.5028
"898",1401,10905116704.5724
"899",1414,21513360514.8056
"900",702,12431737482.666
"901",1340,18782772696.8856
"902",591,16561858972.1364
"903",1431,11844315942.5047
"904",1550,18041175327.8757
"905",607,13341843933.7253
"906",1501,13952218472.7695
"907",686,18203184189.3107
"908",1134,10115189462.9933
"909",536,22213789755.8817
"910",1741,18246133123.0731
"911",426,19281826751.7155
"912",1506,14491629679.9028
"913",1555,13943426907.3331
"914",909,14593028408.4723
"915",1288,13768412059.1139
"916",560,18458059222.2796
"917",1321,8553231072.94053
"918",371,18869123839.6428
"919",29,12163518660.5481
"920",823,15331688564.0194
"921",3,14839754765.1334
"922",1130,16063975138.7464
"923",499,9843197037.06161
"924",1511,12873955178.01
"925",773,20490703553.0356
"926",984,11324948933.5514
"927",1681,12648241183.1936
"928",1403,10920110196.2793
"929",1660,15717111911.7078
"930",1734,15532988621.8064
"931",1123,15437429301.7911
"932",1224,24788643909.707
"933",182,11427024233.7188
"934",1508,12397393721.031
"935",94,13406579381.8051
"936",1066,17336028974.2832
"937",1228,24509014023.1988
"938",719,13543612594.7255
"939",5,11767372067.8147
"940",630,22238288911.6281
"941",1590,12779845714.7212
"942",478,15279448056.0697
"943",503,11091282833.5628
"944",1091,25238576890.5439
"945",779,12972983060.6435
"946",1085,16837573104.4764
"947",372,12155072724.8649
"948",1019,25755282113.3786
"949",1070,11797877198.0644
"950",1751,12262838882.0819
"951",436,10456225800.8361
"952",811,11494159876.7506
"953",1128,14548000708.5608
"954",736,15494850806.6653
"955",224,12375638367.8232
"956",1315,16820127321.1689
"957",65,15294209305.0105
"958",955,16609991456.6664
"959",1203,18243930172.7538
"960",90,11659900207.612
"961",697,11376966198.1947
"962",1129,9422096872.25672
"963",1657,11911037007.8765
"964",855,16090105963.4757
"965",111,22473719608.8084
"966",1440,13065801458.8154
"967",331,13674893990.3949
"968",35,21210660527.552
"969",64,12656000433.9492
"970",765,12868383785.9077
"971",1211,13299883076.108
"972",274,15887838812.6993
"973",935,16222585923.8862
"974",941,16576566862.574
"975",1226,13271998561.8043
"976",1161,15284775017.4369
"977",589,17913994715.3765
"978",1100,18124135865.1055
"979",1568,23391319387.9668
"980",1094,NA
"981",1110,8852630943.01428
"982",990,15044961839.8691
"983",1035,13980993090.6435
"984",1141,13898431294.4913
"985",83,14896136126.9732
"986",1546,23507500740.202
"987",1707,14196400069.5636
"988",252,14383450105.6794
"989",690,17516226565.62
"990",1479,12922283404.4656
"991",744,13990229387.9312
"992",160,12857303461.6651
"993",393,16564558492.6714
"994",987,13457299015.977
"995",415,17691407461.5033
"996",1774,10857824961.5709
"997",1095,17607204855.2678
"998",635,16246341206.8332
"999",713,10809678069.7204
"1000",754,11585826543.118
"1001",1451,24662378981.3127
"1002",860,15830826421.6377
"1003",1631,14439656068.9374
"1004",324,NA
"1005",508,13390387026.981
"1006",513,16977031007.6443
"1007",1804,11132640750.8363
"1008",675,10608809008.5075
"1009",1151,10719844982.4405
"1010",470,11118013021.7319
"1011",1281,19111825896.7116
"1012",718,12146781529.138
"1013",31,14039932177.846
"1014",1014,11185744397.7048
"1015",108,16318622907.0456
"1016",1377,15033348115.0429
"1017",191,11177189129.5949
"1018",85,10380777304.0344
"1019",212,13258884104.5375
"1020",1832,16781371809.7134
"1021",373,14988205089.9567
"1022",1158,15441120701.2109
"1023",1760,14558037341.1767
"1024",388,22739782939.5121
"1025",376,12968099459.0167
"1026",1845,19079710758.1609
"1027",16,15465397101.1089
"1028",531,11600356249.5655
"1029",428,24635684802.4795
"1030",1458,14382482162.2724
"1031",405,19457993810.7455
"1032",1349,20058660131.9074
"1033",1139,14733843766.2186
"1034",1842,11732020672.3008
"1035",1452,13666630197.0076
"1036",756,16827151942.0626
"1037",207,13640152249.1903
"1038",640,13488584151.738
"1039",654,12407957147.5551
"1040",490,15268469531.5391
"1041",232,14427574158.3836
"1042",1088,18081553228.7736
"1043",1509,14444805294.6014
"1044",179,23003788471.329
"1045",1324,12586923948.6645
"1046",1372,10063953042.0188
"1047",166,12164020169.2415
"1048",27,24010488902.8232
"1049",1025,13683635904.0517
"1050",406,12581391812.8071
"1051",1703,17152993739.3079
"1052",1156,18412325447.7002
"1053",846,11612505705.4118
"1054",764,18429984174.7511
"1055",952,10443046322.5014
"1056",651,22434388786.7123
"1057",1499,13900984510.8974
"1058",342,15217263639.3092
"1059",530,15730769888.1359
"1060",636,15268334963.3488
"1061",455,20322300958.0202
"1062",611,15664409563.5247
"1063",479,11449234597.3665
"1064",889,24333244142.3894
"1065",618,16218723753.1117
"1066",579,16305638024.9562
"1067",1450,20747829311.0513
"1068",703,16384198610.9639
"1069",1455,13037809814.5319
"1070",168,11787028557.6894
"1071",849,11244513838.5219
"1072",1242,12378862577.3742
"1073",238,20025907809.1099
"1074",930,12091523272.8164
"1075",364,22496572553.3187
"1076",1715,18504872712.7469
"1077",1354,27908080971.1948
"1078",751,16156291447.1554
"1079",615,15005911284.2952
"1080",1374,13595781652.3608
"1081",1621,13862274768.1669
"1082",1800,11426443992.3245
"1083",1430,13414971527.7142
"1084",787,13182070343.3727
"1085",1847,15668730057.4114
"1086",89,10621105914.8872
"1087",1484,17937998314.4766
"1088",1201,14592094263.5792
"1089",67,16131350779.3962
"1090",407,25942834168.4478
"1091",404,14003173808.1258
"1092",1561,16648517190.874
"1093",812,16225153211.2023
"1094",683,13268595365.011
"1095",378,13470907129.3274
"1096",260,12720036390.585
"1097",171,13073001339.5942
"1098",1617,12638150030.6973
"1099",1253,13403620134.5639
"1100",553,13693294777.6465
"1101",518,14384175884.9287
"1102",810,15813932618.4908
"1103",912,8935834194.51793
"1104",1534,12179672408.4034
"1105",1503,12033579214.0403
"1106",873,13188763384.7914
"1107",10,18328592184.032
"1108",1811,12614137526.3306
"1109",879,17608882349.0547
"1110",727,15749031928.5648
"1111",1593,13172420589.8069
"1112",777,15128558156.9212
"1113",684,13985032217.1328
"1114",1599,15227258721.6875
"1115",852,19105216544.5542
"1116",1478,12953151298.9568
"1117",347,21350988578.924
"1118",845,11896402996.9215
"1119",1469,12547920429.3147
"1120",1343,20564694078.9008
"1121",1602,10888201273.0841
"1122",552,12028699600.794
"1123",1493,11891866770.113
"1124",61,16865937814.0593
"1125",1356,14556019895.2521
"1126",1230,14362380055.952
"1127",1737,14750541875.1657
"1128",92,13609684418.254
"1129",268,23988387550.0012
"1130",1125,11462899780.7563
"1131",1736,NA
"1132",23,16362379858.7561
"1133",180,11249518422.7671
"1134",1805,11181768726.4298
"1135",1006,27395170273.3345
"1136",1743,14246770206.4058
"1137",970,14949161637.2015
"1138",174,13434822259.888
"1139",671,12795512275.1143
"1140",605,12104750729.1404
"1141",1164,14832543843.1018
"1142",1229,14959318918.2245
"1143",521,17458910291.033
"1144",1220,16424593601.6267
"1145",750,12784809378.7767
"1146",794,14184929751.2134
"1147",793,11716145944.5943
"1148",338,15008930175.6695
"1149",1077,14311510049.8615
"1150",685,16077294448.6066
"1151",261,9174816184.36672
"1152",691,13682675845.681
"1153",1268,15786183108.4201
"1154",327,NA
"1155",250,10180940435.0838
"1156",932,19610345632.9215
"1157",1146,15576328973.7195
"1158",1575,10162714119.3455
"1159",1704,8583314516.46887
"1160",1283,14036047561.3802
"1161",204,13580375894.2521
"1162",1574,12974960638.6656
"1163",620,14679415027.3416
"1164",1592,15487577880.9578
"1165",958,13201272351.6781
"1166",402,17501280909.7386
"1167",616,14614612202.299
"1168",1040,14312787628.2947
"1169",980,13492003890.9946
"1170",669,15843170379.7808
"1171",633,14836133436.2911
"1172",795,9741820126.80863
"1173",1495,15332891777.3079
"1174",597,11415843496.3664
"1175",1234,12689521366.1506
"1176",1295,11733797139.865
"1177",475,11801679576.5325
"1178",289,11816799374.3894
"1179",1273,19164950009.4804
"1180",359,13667892645.1192
"1181",1247,15440981529.5086
"1182",158,12777274786.7745
"1183",1733,21823830480.8006
"1184",911,18147632180.3642
"1185",73,17237811354.6463
"1186",1619,14942558407.4411
"1187",1671,19529907327.4266
"1188",1243,NA
"1189",1314,15421746241.8884
"1190",1387,15456653017.9311
"1191",834,11894397087.8879
"1192",1217,16243690434.819
"1193",928,NA
"1194",647,15848237333.9576
"1195",658,25322187223.3723
"1196",762,14967386943.6724
"1197",1136,18245168257.7005
"1198",570,17893680729.6327
"1199",903,12843509521.9775
"1200",1678,12280340430.1744
"1201",660,13775798244.9247
"1202",356,11699259186.7475
"1203",495,16697554473.6788
"1204",437,16093449360.3767
"1205",1143,12346279560.847
"1206",1608,13387957863.1742
"1207",369,17998898489.166
"1208",1186,12734279299.7103
"1209",95,12795211508.4695
"1210",1423,15817808365.0442
"1211",981,10130110011.2445
"1212",802,12593477934.9732
"1213",1039,24051922699.4525
"1214",38,14281625203.1714
"1215",1634,13434006693.4384
"1216",1762,16590984510.126
"1217",797,22366788718.5587
"1218",505,18842420470.9622
"1219",677,NA
"1220",1071,13239378051.7302
"1221",898,15252222058.6891
"1222",1298,NA
"1223",1170,18062061980.9762
"1224",1413,12210073452.3453
"1225",962,27617213215.0542
"1226",131,23922645088.1854
"1227",1248,12694591559.4038
"1228",827,16361762185.0703
"1229",214,13634844278.3711
"1230",386,23978306615.7555
"1231",1784,21741446177.3431
"1232",1614,17580588668.9936
"1233",1332,16254419179.2066
"1234",357,14504534285.3938
"1235",1313,15998264211.2939
"1236",304,26175992991.2403
"1237",906,18366678425.8637
"1238",1532,13562882187.3268
"1239",187,15963605588.6645
"1240",1113,19411891715.9715
"1241",339,11095742433.4227
"1242",1000,16360564586.8715
"1243",1622,15911591249.6176
"1244",374,13032252705.6256
"1245",568,12111165086.6505
"1246",1650,18646802072.8801
"1247",1199,13211350016.648
"1248",871,9917452121.07168
"1249",343,15887549178.3096
"1250",303,18683451926.7424
"1251",969,14382937888.5254
"1252",313,10435129940.0764
"1253",215,16322742175.1324
"1254",961,9611680506.63774
"1255",619,13987345742.2095
"1256",986,18548768181.0818
"1257",922,12155759378.2679
"1258",1834,11935460219.2564
"1259",1658,13788031634.5955
"1260",481,14590475558.944
"1261",1527,15904056492.2227
"1262",741,12819077842.412
"1263",839,16049201476.8669
"1264",542,17172882076.9348
"1265",632,16357694295.1979
"1266",943,26177302169.7309
"1267",446,19265625781.4158
"1268",1369,11648750745.6454
"1269",1630,15700011301.5064
"1270",1648,14650474694.4941
"1271",262,13247755972.5247
"1272",1797,9334903856.37009
"1273",419,13809224753.5475
"1274",854,22061977128.4026
"1275",1777,13668099312.9594
"1276",1841,14410879055.0464
"1277",1418,12590846825.6298
"1278",411,12244576622.5277
"1279",1790,12029185110.2936
"1280",681,15485387760.3783
"1281",989,16596890845.5283
"1282",420,13506355705.7472
"1283",497,9839071860.88527
"1284",743,13761335368.7282
"1285",737,14963802784.8527
"1286",546,23482118292.9889
"1287",486,23624319824.8179
"1288",991,24093785149.4149
"1289",1405,27453125068.1898
"1290",33,17300103508.2748
"1291",125,15827510687.8197
"1292",1754,12937405558.4191
"1293",1099,17848616816.1659
"1294",416,15265571903.3432
"1295",1700,16083281999.6994
"1296",931,14912302178.0425
"1297",1358,17232308160.1661
"1298",1572,18615956111.0968
"1299",1476,20965369140.4361
"1300",1137,13766525234.4121
"1301",177,14355462449.7429
"1302",1279,10746106531.5741
"1303",1812,20240648541.7206
"1304",286,16211572407.9879
"1305",367,13995828872.0311
"1306",186,15844289907.8654
"1307",548,14191624179.4282
"1308",1529,11415837791.693
"1309",1553,13304572931.5714
"1310",1375,14105366975.5085
"1311",905,10227141024.0862
"1312",1275,13712000827.9702
"1313",1346,14006468561.6267
"1314",1843,15380831732.3468
"1315",790,9192539416.14638
"1316",218,10193151761.817
"1317",1147,15146572802.204
"1318",169,9199083234.37482
"1319",346,13515974563.7009
"1320",275,16910463967.2886
"1321",816,13312970626.2525
"1322",1813,8525774861.76852
"1323",336,15583110535.1691
"1324",1060,14307994195.1506
"1325",305,17992549025.7924
"1326",874,10465675969.0682
"1327",384,17402242852.3322
"1328",708,13969768892.4043
"1329",1032,14896515975.821
"1330",18,18680724376.2268
"1331",1083,17248633504.7812
"1332",1075,14580439326.7125
"1333",1162,25962915027.9998
"1334",1712,13007594514.881
"1335",742,14780786606.212
"1336",679,12427846300.1275
"1337",758,14327569754.548
"1338",440,10319978270.4368
"1339",447,10761725438.2263
"1340",1149,13893487604.8758
"1341",588,12155814549.4236
"1342",1051,15608073242.896
"1343",584,28044387092.3597
"1344",840,10873909856.9987
"1345",370,18148214116.5325
"1346",400,11024781321.4633
"1347",1233,14507653273.9637
"1348",1612,9711702093.86479
"1349",1412,16682821349.6397
"1350",1696,11591982029.2956
"1351",1353,15458163478.4155
"1352",558,14808480167.411
"1353",937,13642270902.4004
"1354",894,11829103672.2734
"1355",1132,25473746263.1164
"1356",1481,12946996973.5286
"1357",770,6906462457.74589
"1358",1399,13095438108.1096
"1359",15,13120180765.205
"1360",243,11370527628.3753
"1361",26,12511023948.9113
"1362",1272,15940660021.033
"1363",659,12981421286.4721
"1364",462,15304648188.6011
"1365",646,13399552657.8182
"1366",298,11949820711.8249
"1367",236,12409216908.2459
"1368",288,16481812631.628
"1369",1525,16468322713.9696
"1370",732,13244138555.8028
"1371",562,15340470947.5085
"1372",1668,13837647177.5633
"1373",1498,13592568015.6666
"1374",1404,14941036484.2928
"1375",1285,14243264547.8737
"1376",54,16350139098.8185
"1377",826,17050852512.7694
"1378",1157,14613876220.9322
"1379",1044,22978429309.3573
"1380",800,19233660606.2577
"1381",1330,15302774597.1391
"1382",1655,24929962488.5845
"1383",354,14572232354.0247
"1384",1223,11991772009.1927
"1385",93,9507457803.03714
"1386",1828,10855064800.7727
"1387",509,29513141419.0315
"1388",1618,12703160460.8724
"1389",96,11927528708.8955
"1390",1187,14888016319.6732
"1391",138,16621077499.8726
"1392",1131,12260208522.5028
"1393",1190,12271438962.9088
"1394",1351,11019235542.4532
"1395",729,22411909810.3664
"1396",53,9495801139.84065
"1397",657,16309996394.004
"1398",893,11084290348.8842
"1399",1835,13289641176.3636
"1400",1794,12267796758.2398
"1401",1719,12645998438.1759
"1402",831,11030746174.0668
"1403",910,11068796651.4378
"1404",1183,15185278714.174
"1405",1216,13821405293.5737
"1406",1474,15740922407.9778
"1407",1383,8732197121.31603
"1408",1665,16448539801.1685
"1409",141,13053718436.8642
"1410",1453,15823005423.7002
"1411",954,14660319748.0143
"1412",655,10842872762.1193
"1413",337,16688938199.735
"1414",974,10169704164.2592
"1415",665,16529561105.2303
"1416",707,14516921349.4287
"1417",1824,12943638806.8868
"1418",1362,17298878458.4624
"1419",886,21661144371.0142
"1420",471,14857244387.4791
"1421",705,13819764143.2429
"1422",1296,12260179931.8581
"1423",1333,19294251666.808
"1424",1651,12030952334.0887
"1425",361,22147622430.1596
"1426",1662,13268973525.9018
"1427",484,16619874545.815
"1428",200,14659633153.3338
"1429",621,NA
"1430",1664,16540549120.8602
"1431",277,13481806548.5414
"1432",689,12578342413.4104
"1433",1523,19989305880.6658
"1434",915,12537576198.3522
"1435",220,8895878623.37703
"1436",1316,14939678098.3429
"1437",1210,14128331382.0511
"1438",973,15111585546.6491
"1439",1548,9390979240.21384
"1440",157,17279383501.4566
"1441",328,16915366695.8804
"1442",1646,15729776182.0581
"1443",234,8362869933.65807
"1444",161,12951829731.9278
"1445",700,15526007658.092
"1446",1195,26534626459.5482
"1447",627,18085937497.7617
"1448",1024,19620077787.744
"1449",761,12859408954.3946
"1450",672,18044424946.7474
"1451",1389,23492678648.3342
"1452",199,13193116126.8006
"1453",1382,18063125827.4614
"1454",642,15597667343.3153
"1455",492,15883163503.283
"1456",534,14323072838.6415
"1457",1606,12448443808.7167
"1458",51,25020284037.9133
"1459",1730,12734826540.5671
"1460",100,9108610515.92322
"1461",1672,14648862751.5828
"1462",666,13005628601.0223
"1463",150,20854934055.1683
"1464",431,9382021221.21646
"1465",1524,10458552753.5383
"1466",914,10588205265.1995
"1467",963,10757060730.5897
"1468",265,17085337377.7908
"1469",127,12831882044.0571
"1470",1779,13324800493.4271
"1471",319,16231366230.4325
"1472",213,15058958551.2916
"1473",583,16740722776.6175
"1474",1261,13432047580.2154
"1475",1138,10814292170.6474
"1476",582,13404781308.9998
"1477",775,NA
"1478",1557,15292833539.0377
"1479",1198,13534855305.5987
"1480",225,11060890341.2067
"1481",1697,16640090095.4196
"1482",78,13327686226.9322
"1483",88,11160358705.2994
"1484",466,11746780433.7166
"1485",1160,16094884171.5489
"1486",1007,16785304660.3859
"1487",1436,13051581031.6854
"1488",711,14799290242.2064
"1489",908,10985702828.3241
"1490",1848,11879592549.8943
"1491",382,17490999288.8307
"1492",664,12451015348.2179
"1493",14,14330458546.3537
"1494",206,12437140531.4528
"1495",1395,11916139144.3997
"1496",1695,17184263707.5639
"1497",317,9015635347.79381
"1498",472,12851881483.7662
"1499",203,16076568726.5206
"1500",1654,9271661305.71469
"1501",323,15569309795.1479
"1502",1046,20148146731.1412
"1503",520,10768085066.2576
"1504",349,16619463477.9201
"1505",1270,11940149046.02
"1506",1759,14748710957.111
"1507",489,11573105581.2961
"1508",1252,23202849899.021
"1509",723,9961037148.22564
"1510",1820,13232595938.1201
"1511",1192,17164025857.654
"1512",1428,12471724298.4341
"1513",1554,11468512336.159
"1514",358,16059533309.0412
"1515",1250,23107815796.0734
"1516",464,21555091897.6122
"1517",859,12133435245.1876
"1518",1441,17401866421.1231
"1519",929,11584957223.7524
"1520",452,13518868046.1748
"1521",791,15330728539.2588
"1522",82,13794068020.302
"1523",992,15537939648.4264
"1524",1604,15807682163.0638
"1525",1221,23776128527.5396
"1526",1752,15963348275.0417
"1527",1747,13982612066.4514
"1528",49,18691206161.6286
"1529",1034,11926267341.0145
"1530",146,13194868356.7044
"1531",885,15024036524.8177
"1532",1013,14703170068.0931
"1533",1312,14276141564.0166
"1534",1757,13881724579.6485
"1535",1514,13081825373.9509
"1536",209,11339706307.9231
"1537",740,11771342899.4057
"1538",1457,16884270630.171
"1539",587,8710038076.15403
"1540",858,13740263389.0611
"1541",1434,26271125171.5463
"1542",1420,17411719939.2262
"1543",1127,10549079984.0722
"1544",592,17875098880.9115
"1545",759,13463715422.9478
"1546",219,14396090095.8382
"1547",1341,20982555086.1109
"1548",1028,14083794613.3613
"1549",549,13907653127.7845
"1550",1073,14017984751.512
"1551",1393,19719330861.4651
"1552",1477,13629872439.0468
"1553",1597,13200584606.7687
"1554",1104,12909579296.5825
"1555",1185,19232777877.2036
"1556",813,12411388680.0056
"1557",101,22348397221.7961
"1558",564,12873894427.5417
"1559",128,13268707524.3543
"1560",1277,17332369310.8949
"1561",235,17833235224.9944
"1562",1625,11365263435.6635
"1563",130,15251145672.1313
"1564",68,21728174786.2985
"1565",423,14431095646.3629
"1566",1232,14771429481.3064
"1567",511,16433847203.7365
"1568",119,10850981064.6756
"1569",529,12706071285.853
"1570",1560,13494323961.0089
"1571",1082,18712567023.2906
"1572",6,17030084489.8107
"1573",1301,17373675890.1937
"1574",916,16207068115.3809
"1575",389,13448343593.0379
"1576",1209,14056441067.1089
"1577",1063,9634823066.07499
"1578",320,15236430278.6469
"1579",933,12918649329.0764
"1580",1347,16987579522.8884
"1581",403,22997480453.8531
"1582",233,15307144874.8593
"1583",1535,9695084026.67146
"1584",1580,19310333951.1739
"1585",1507,21596625714.0127
"1586",1796,10731509923.8784
"1587",1746,19005750923.8792
"1588",1142,17253339585.8976
"1589",869,16503476844.8348
"1590",74,10384711244.2294
"1591",1740,NA
"1592",772,18345282629.1303
"1593",1117,13110138192.5226
"1594",766,16967160794.2755
"1595",1576,10352791780.7567
"1596",1826,13943759521.8223
"1597",555,20495458285.7229
"1598",948,12647506815.5168
"1599",983,14875701029.6835
"1600",1437,14218916461.2491
"1601",1065,22765388262.7675
"1602",649,18510745030.3653
"1603",1739,23226746800.1201
"1604",1595,12778750805.3043
"1605",1446,10795234408.2206
"1606",571,25190164719.1152
"1607",1570,16143273542.8384
"1608",1492,13720834897.0406
"1609",227,12599934621.2198
"1610",1425,12856513503.808
"1611",1505,15224605991.4828
"1612",1721,14095251007.7981
"1613",134,15776937044.0594
"1614",1269,13016495559.3304
"1615",1807,15199428928.8604
"1616",321,18739094520.4316
"1617",1620,11105348920.9583
"1618",1409,11108325276.4291
"1619",1490,13199330036.9409
"1620",80,13547364901.9808
"1621",1061,9012051337.83452
"1622",925,18869378442.8464
"1623",661,16031869195.5413
"1624",1647,19238990244.6696
"1625",1323,23851401468.7746
"1626",1302,11471612029.5902
"1627",140,13147046395.8563
"1628",1549,20834821901.0136
"1629",1683,14242519895.1214
"1630",1468,14959826782.044
"1631",287,15910962486.1051
"1632",641,15858587596.6041
"1633",98,10616558328.3476
"1634",454,17960697087.4772
"1635",1836,27715385224.8951
"1636",944,16468820822.6112
"1637",1459,19213967605.7252
"1638",1713,13285019188.8765
"1639",28,23248566303.2525
"1640",1050,12510430348.191
"1641",1411,14083534991.3413
"1642",1641,14990594605.2105
"1643",1780,10395762674.6189
"1644",480,14464449361.3158
"1645",1352,18857885246.8925
"1646",1307,23925319504.9275
"1647",1208,15487909097.5728
"1648",258,14594886676.9638
"1649",1380,11786707786.5804
"1650",1010,14791369570.1004
"1651",424,13313743524.6892
"1652",221,12274049651.9516
"1653",1241,19699228483.5018
"1654",1294,13312281960.9555
"1655",156,16428322804.1362
"1656",667,17285289685.3822
"1657",333,17777152614.6112
"1658",1538,8114154884.06198
"1659",652,7492430862.20189
"1660",1344,20228648648.9979
"1661",149,11758379549.943
"1662",979,15380391272.3295
"1663",1837,12066087756.292
"1664",1274,13798803056.5273
"1665",1245,22640131592.0623
"1666",624,19750138424.2943
"1667",725,12331549673.4928
"1668",557,9791285784.25257
"1669",1601,11649614487.4199
"1670",377,12570489861.2746
"1671",1408,20586142652.2162
"1672",968,13327107039.4489
"1673",448,22714343193.8216
"1674",1089,22915933740.9598
"1675",340,11975810421.156
"1676",798,15952022332.3269
"1677",350,16341518210.5885
"1678",673,9648050075.60679
"1679",1710,13052571907.9597
"1680",300,15836236777.5776
"1681",921,13220778165.3448
"1682",1728,14357004972.7981
"1683",774,10233886197.1148
"1684",1643,9752748154.61292
"1685",491,14253408782.4742
"1686",541,15305335993.6918
"1687",523,12694720156.3515
"1688",1449,15146313695.5497
"1689",538,12101834580.7126
"1690",1286,11577972874.4615
"1691",55,12770004798.8602
"1692",721,18600118389.8514
"1693",722,11478473020.9403
"1694",578,18330477015.6158
"1695",1398,13372932669.5979
"1696",785,NA
"1697",704,11801270680.5049
"1698",1029,10745955992.25
"1699",1792,20850499185.1035
"1700",1594,16356658720.3078
"1701",434,10073764835.2166
"1702",36,19590109734.4974
"1703",576,NA
"1704",857,24090189807.9316
"1705",44,14078468386.835
"1706",828,13435936305.5882
"1707",856,10717914974.4659
"1708",1519,15618218373.5983
"1709",91,14772622623.207
"1710",118,15013201209.1276
"1711",1756,9961202843.51357
"1712",477,13160838349.9372
"1713",784,10961181854.7059
"1714",1819,16018311913.6461
"1715",594,19449590621.8025
"1716",1528,13532485861.8839
"1717",881,14234481976.0118
"1718",332,12373129474.0769
"1719",1497,15946381238.5831
"1720",739,17778509518.3775
"1721",1338,16133925034.7742
"1722",1140,13813562748.1237
"1723",1571,18560810919.2759
"1724",1262,10772493036.136
"1725",746,12790117666.6643
"1726",868,27217209628.3122
"1727",1293,15626944245.3618
"1728",104,12934961354.782
"1729",676,11226747516.8452
"1730",1181,14701573067.5464
"1731",726,13667728395.2728
"1732",222,12304250954.8611
"1733",768,15620326032.5321
"1734",1722,11390242435.4863
"1735",1180,13076030918.8221
"1736",114,20971557760.3824
"1737",228,19607923280.2931
"1738",397,20067404032.5283
"1739",1541,16551271664.3144
"1740",284,26238902696.1654
"1741",1096,13924282166.1049
"1742",1280,12185876836.2836
"1743",997,20007093133.1894
"1744",1004,15843179141.0346
"1745",698,18864727750.5491
"1746",575,15902122086.2824
"1747",883,20044590870.6254
"1748",609,14518852187.6375
"1749",1087,10671701763.8833
"1750",1705,13375334822.1584
"1751",84,15767164493.5508
"1752",601,12256432649.2088
"1753",147,12643529351.9851
"1754",699,15375519184.7463
"1755",87,14354090019.6268
"1756",1260,10704872258.6604
"1757",1299,14449548866.9639
"1758",830,11137387733.201
"1759",1062,13581704643.1236
"1760",940,15566498985.2585
"1761",1334,10579395763.7
"1762",556,18224316544.4146
"1763",344,10621688146.7078
"1764",1174,15115110268.1001
"1765",1366,15159424292.4956
"1766",1462,17269785809.7014
"1767",59,11689414091.7719
"1768",1048,11556386790.7149
"1769",1432,7268084939.42678
"1770",688,11805741272.2054
"1771",163,12101863183.709
"1772",527,10793106384.7043
"1773",978,14572416113.0963
"1774",1237,7300137870.14085
"1775",1692,17577230460.8171
"1776",2,19468457772.2408
"1777",433,13655393424.4396
"1778",710,9586479858.43865
"1779",310,21254440484.525
"1780",1629,13900677036.6181
"1781",1042,10333126885.8902
"1782",380,13328792414.2327
"1783",1188,27583993977.9876
"1784",670,14976255713.4999
"1785",504,9034073857.63499
"1786",867,25702050850.783
"1787",457,9972468317.695
"1788",482,16148835422.5151
"1789",257,12662134716.0688
"1790",638,28906944023.1207
"1791",566,28324915384.836
"1792",97,NA
"1793",599,14400129466.4778
"1794",735,11418039264.8852
"1795",1613,15574479914.8482
"1796",429,13518570926.9094
"1797",1682,14015226594.3998
"1798",362,13013365285.6626
"1799",1551,13768659161.7314
"1800",1361,18563509977.709
"1801",1735,10463246874.7883
"1802",1773,18318796466.2086
"1803",62,14656096494.6378
"1804",1815,11856063379.3949
"1805",1200,21073234906.1069
"1806",1092,22441330725.092
"1807",706,19128262788.4634
"1808",326,16428193768.594
"1809",1569,14672540752.2019
"1810",629,14456999541.7057
"1811",1059,21263432105.5693
"1812",1787,14026928678.7871
"1813",545,11852315548.5467
"1814",900,22936119568.2139
"1815",1081,12582529362.5198
"1816",971,18785609366.9174
"1817",781,14386649131.417
"1818",189,11538116666.6762
"1819",165,18324033070.6805
"1820",1485,8745982709.54891
"1821",799,20674089351.8267
"1822",1694,10013314997.9442
"1823",273,12398875357.7468
"1824",1064,14630365963.7449
"1825",345,14448569635.1411
"1826",1376,14277882620.4546
"1827",769,10261328067.051
"1828",1738,13527972342.1659
"1829",1093,16599513577.5854
"1830",817,11130125642.7504
"1831",843,15775285871.5379
"1832",1768,13137354019.4704
"1833",1753,12201958993.7545
"1834",468,11711869451.2356
"1835",734,10303621743.5241
"1836",1750,15820806860.5773
"1837",1172,NA
"1838",878,14874317627.9894
"1839",1238,14102494819.8755
"1840",253,14089247263.345
"1841",1360,15531748222.5731
"1842",1215,26778391588.5021
"1843",1656,12559037123.3689
"1844",1690,11862327242.9919
"1845",272,14397633813.7953
"1846",808,14702072052.4591
"1847",1212,11217634891.3975
"1848",312,13829133534.9304
